{"cameraMode":{"drawMode":0,"name":"Shaded","section":"Shading Mode"},"sceneLighting":false,"audioPlay":false,"sceneViewState":{"showFog":true,"showMaterialUpdate":false,"showSkybox":false,"showFlares":true,"showImageEffects":true,"showParticleSystems":true},"in2DMode":false,"pivot":{"x":0.01190197467803955,"y":7.342586517333984,"z":20.0},"rotation":{"x":-0.0852673277258873,"y":0.22990189492702485,"z":-0.01859794557094574,"w":-0.9700508117675781},"size":8.658186912536621,"orthographic":false}